;File_Name;File;Status;CNN_Predicted_Taxa;CNN_Predicted_Score;Centroid;Orientation;LM_Predicted_Taxa;LM_Predicted_Score;ENS_Predicted_Taxa;ENS_Predicted_Score;X_0;X_1;X_2;X_3;X_4;X_5;X_6;X_7;X_8;X_9;X_10;X_11;X_12;X_13;X_14;X_15;X_16;Y_0;Y_1;Y_2;Y_3;Y_4;Y_5;Y_6;Y_7;Y_8;Y_9;Y_10;Y_11;Y_12;Y_13;Y_14;Y_15;Y_16;X_sm_17;X_sm_18;X_sm_19;X_sm_20;X_sm_21;X_sm_22;X_sm_23;X_sm_24;X_sm_25;X_sm_26;X_sm_27;X_sm_28;X_sm_29;X_sm_30;X_sm_31;X_sm_32;X_sm_33;X_sm_34;X_sm_35;X_sm_36;X_sm_37;X_sm_38;X_sm_39;X_sm_40;X_sm_41;X_sm_42;X_sm_43;X_sm_44;X_sm_45;X_sm_46;Y_sm_17;Y_sm_18;Y_sm_19;Y_sm_20;Y_sm_21;Y_sm_22;Y_sm_23;Y_sm_24;Y_sm_25;Y_sm_26;Y_sm_27;Y_sm_28;Y_sm_29;Y_sm_30;Y_sm_31;Y_sm_32;Y_sm_33;Y_sm_34;Y_sm_35;Y_sm_36;Y_sm_37;Y_sm_38;Y_sm_39;Y_sm_40;Y_sm_41;Y_sm_42;Y_sm_43;Y_sm_44;Y_sm_45;Y_sm_46
0;mol336.png;static/requests/request_776f592f96/processed/mol336.png;Full Skeleton;Culex_pipiens s.l.-torrentium-pair;0.97;1538;right;Culex_pipiens s.l.-torrentium-pair;0.9984590509077803;Culex_pipiens s.l.-torrentium-pair;0.98;787;1867;1922;1943;1931;1861;1750;1591;1382;956;1152;1158;1232;1232;1195;1315;1437;128;98;153;208;257;309;367;416;478;294;272;236;233;196;156;137;279;1146;1505;919;1057;1900;1937;1716;1511;1940;1735;1526;1900;1698;1465;1808;1719;1578;1674;1646;1539;1490;1447;1299;1241;1100;1054;1299;1367;1235;1275;88;49;153;153;116;177;113;104;233;174;156;291;223;205;346;291;275;401;346;331;450;374;331;416;358;266;251;266;144;141
1;mol731.png;static/requests/request_776f592f96/processed/mol731.png;Full Skeleton;Culex_pipiens s.l.-torrentium-pair;0.99;1319;right;Culex_pipiens s.l.-torrentium-pair;0.9991815939585137;Culex_pipiens s.l.-torrentium-pair;1.0;608;1547;1599;1614;1604;1545;1448;1312;1148;785;938;941;1000;1010;979;1102;1197;99;71;117;163;212;258;307;355;414;245;225;194;191;161;127;117;235;921;1233;729;854;1578;1611;1432;1266;1616;1445;1274;1581;1407;1210;1499;1430;1315;1381;1363;1276;1233;1189;1064;1028;905;859;1064;1130;1020;1061;79;40;117;122;86;138;94;89;189;143;130;243;189;176;291;243;230;340;294;278;386;312;273;358;301;225;207;222;122;120
2;mol1024.png;static/requests/request_776f592f96/processed/mol1024.png;Repaired;Culex_pipiens s.l.-torrentium-pair;0.93;1446;right;Culex_pipiens s.l.-torrentium-pair;0.999821798657789;Culex_pipiens s.l.-torrentium-pair;0.97;669;1717;1759;1773;1751;1692;1583;1448;1244;849;1039;1045;1095;1095;1067;1230;1294;107;77;127;183;228;273;326;376;427;250;239;203;200;166;133;119;236;1017;1367;801;933;1748;1776;1583;1404;1771;1594;1412;1726;1532;1314;1639;1560;1429;1518;1488;1387;1347;1314;1177;1112;978;944;1160;1227;1120;1174;77;37;124;127;96;152;96;82;208;149;133;256;194;177;304;256;239;360;306;290;407;334;287;371;318;234;211;225;124;119
3;mol2608.png;static/requests/request_776f592f96/processed/mol2608.png;Full Skeleton;Culex_pipiens s.l.-torrentium-pair;0.98;1525;right;Culex_pipiens s.l.-torrentium-pair;0.9474711147814472;Culex_pipiens s.l.-torrentium-pair;0.96;708;1776;1823;1846;1831;1756;1636;1464;1248;854;1064;1076;1123;1128;1105;1242;1309;115;80;132;199;252;307;360;418;468;281;272;228;228;188;153;135;269;1064;1420;828;965;1808;1843;1627;1432;1846;1645;1443;1799;1598;1365;1700;1610;1461;1554;1525;1414;1356;1333;1198;1120;985;959;1184;1245;1149;1196;86;45;147;150;100;164;109;100;226;167;156;284;220;205;339;284;272;398;339;325;447;369;319;406;342;258;240;255;141;138
4;mol770.png;static/requests/request_776f592f96/processed/mol770.png;Full Skeleton;Culex_pipiens s.l.-torrentium-pair;1.0;1648;right;Culex_pipiens s.l.-torrentium-pair;0.9999557143681479;Culex_pipiens s.l.-torrentium-pair;1.0;773;1928;1975;1994;1972;1912;1774;1607;1393;909;1151;1157;1214;1217;1195;1349;1447;125;106;160;220;270;324;380;434;493;289;279;235;229;191;154;135;279;1157;1541;909;1050;1959;1991;1767;1557;1991;1780;1563;1950;1720;1469;1846;1758;1604;1692;1664;1550;1500;1459;1305;1233;1069;1028;1289;1368;1245;1296;88;53;154;151;125;188;125;110;248;185;163;302;232;210;358;302;279;415;355;339;465;383;336;427;368;270;245;264;144;138
5;mol1771.png;static/requests/request_776f592f96/processed/mol1771.png;Repaired;Aedes_vexans;0.3;1691;right;Culex_pipiens s.l.-torrentium-pair;0.9996505563573373;Culex_pipiens s.l.-torrentium-pair;0.54;899;2118;2153;2166;2153;2084;1953;1782;1562;1085;1294;1322;1380;1397;1373;1538;1576;154;151;202;264;322;374;436;497;552;346;329;278;274;236;195;178;326;1304;1710;1054;1212;2146;2166;1947;1741;2166;1957;1747;2129;1902;1651;2026;1916;1747;1871;1826;1699;1672;1624;1459;1404;1246;1188;1445;1510;1428;1483;120;89;185;192;175;233;168;147;295;226;206;360;285;257;415;353;329;480;412;388;521;439;381;484;415;319;295;312;185;178
6;mol5.png;static/requests/request_776f592f96/processed/mol5.png;Repaired;Culex_pipiens s.l.-torrentium-pair;0.7;1574;right;Culex_pipiens s.l.-torrentium-pair;0.9742631593696743;Culex_pipiens s.l.-torrentium-pair;0.84;725;1824;1866;1887;1869;1809;1704;1547;1342;873;1068;1077;1144;1147;1129;1312;1403;126;90;135;186;240;289;352;412;481;307;286;237;240;198;156;138;280;1089;1457;858;993;1851;1884;1683;1496;1887;1698;1505;1848;1628;1387;1761;1673;1538;1628;1601;1499;1448;1387;1228;1189;1032;969;1228;1315;1189;1249;96;51;156;159;108;159;114;105;213;162;156;273;213;207;328;283;270;394;340;328;448;370;322;424;364;283;252;267;147;141
7;mol2604.png;static/requests/request_776f592f96/processed/mol2604.png;Full Skeleton;Culex_pipiens s.l.-torrentium-pair;0.96;1531;right;Culex_pipiens s.l.-torrentium-pair;0.9972082893914516;Culex_pipiens s.l.-torrentium-pair;0.98;797;1860;1912;1930;1909;1851;1726;1546;1345;959;1135;1138;1190;1193;1175;1336;1419;120;86;144;199;242;287;348;418;485;302;272;242;232;196;159;135;275;1148;1504;919;1047;1894;1930;1720;1525;1927;1732;1534;1884;1671;1434;1793;1708;1565;1641;1623;1516;1446;1416;1275;1224;1090;1044;1266;1342;1227;1282;89;44;150;153;108;172;111;98;220;165;150;272;214;202;327;275;263;394;336;324;452;369;324;424;373;275;245;260;147;141
8;mol1878.png;static/requests/request_776f592f96/processed/mol1878.png;Full Skeleton;Culex_pipiens s.l.-torrentium-pair;0.88;1606;right;Culex_pipiens s.l.-torrentium-pair;0.999961606211014;Culex_pipiens s.l.-torrentium-pair;0.94;738;1871;1920;1938;1923;1856;1737;1560;1346;906;1105;1111;1181;1184;1154;1312;1392;108;83;132;187;233;282;343;401;456;270;251;215;215;175;138;120;254;1114;1493;876;1013;1902;1935;1718;1514;1935;1731;1520;1896;1679;1431;1801;1703;1548;1651;1621;1502;1453;1410;1257;1199;1056;1004;1251;1322;1206;1257;74;38;132;135;102;160;102;90;212;157;141;267;209;190;319;270;254;380;328;312;435;349;306;401;337;248;227;242;129;123
9;mol1116.png;static/requests/request_776f592f96/processed/mol1116.png;Full Skeleton;Culex_pipiens s.l.-torrentium-pair;0.98;1596;right;Culex_pipiens s.l.-torrentium-pair;0.9999999142347162;Culex_pipiens s.l.-torrentium-pair;0.99;683;1816;1858;1875;1852;1787;1689;1526;1304;855;1071;1076;1118;1127;1100;1245;1337;109;94;147;207;257;304;360;431;494;287;272;230;227;189;150;133;272;1059;1437;816;958;1846;1875;1653;1449;1869;1665;1455;1825;1612;1369;1742;1639;1488;1612;1568;1446;1417;1375;1221;1156;1008;961;1189;1263;1148;1195;82;47;139;142;115;177;112;100;233;171;153;287;224;207;343;289;278;405;349;331;464;381;331;429;355;263;242;260;142;139
10;mol9.png;static/requests/request_776f592f96/processed/mol9.png;Full Skeleton;Aedes_scapularis;0.76;1598;right;Culex_pipiens s.l.-torrentium-pair;0.9999195099387019;Culex_pipiens s.l.-torrentium-pair;0.56;706;1833;1881;1902;1896;1845;1721;1553;1331;886;1102;1114;1163;1166;1141;1289;1373;139;94;145;199;250;308;371;443;512;323;308;259;256;208;172;151;299;1081;1457;847;994;1863;1899;1682;1484;1905;1697;1493;1878;1652;1409;1785;1688;1532;1640;1604;1484;1445;1403;1253;1184;1033;994;1232;1301;1190;1238;100;52;166;163;112;169;115;109;226;178;166;283;235;226;347;299;293;419;362;353;479;401;356;455;389;302;274;283;163;157
11;mol341.png;static/requests/request_776f592f96/processed/mol341.png;Full Skeleton;Culex_pipiens s.l.-torrentium-pair;0.38;1215;right;Culex_vishnui-group;0.49818697151971514;Culex_pipiens s.l.-torrentium-pair;0.26;835;1682;1743;1760;1754;1707;1615;1490;1336;980;1161;1161;1208;1208;1189;1309;1381;214;41;80;119;167;214;278;342;409;311;278;239;233;200;181;142;245;1114;1398;952;1069;1718;1757;1595;1448;1763;1609;1459;1737;1573;1392;1668;1598;1490;1556;1537;1456;1414;1381;1272;1219;1100;1069;1264;1322;1225;1267;136;52;206;192;50;100;77;89;144;119;130;197;169;181;253;217;222;320;272;272;381;323;303;378;350;286;236;242;158;147
12;mol340.png;static/requests/request_776f592f96/processed/mol340.png;Repaired;Culex_pipiens s.l.-torrentium-pair;0.48;1465;right;Culex_pipiens s.l.-torrentium-pair;0.9586616057099862;Culex_pipiens s.l.-torrentium-pair;0.72;766;1799;1843;1858;1852;1805;1700;1526;1318;921;1121;1124;1186;1189;1165;1321;1397;164;111;161;214;258;308;369;431;493;317;293;261;252;220;187;161;296;1109;1453;892;1027;1829;1858;1670;1494;1861;1679;1500;1835;1632;1412;1755;1670;1535;1617;1597;1494;1424;1397;1259;1189;1057;1018;1256;1327;1215;1268;129;76;187;184;129;187;135;126;234;187;179;287;240;229;346;302;290;408;355;343;460;387;346;431;375;293;270;281;176;167
13;mol8.png;static/requests/request_776f592f96/processed/mol8.png;Repaired;Culex_vishnui-group;0.16;1164;right;Culex_pipiens s.l.-torrentium-pair;0.687950593569766;Culex_pipiens s.l.-torrentium-pair;0.36;415;1209;1251;1263;1249;1195;1099;986;815;518;665;671;703;709;701;791;878;66;84;124;182;219;265;313;349;381;221;214;184;182;152;124;116;221;679;944;508;604;1233;1261;1099;944;1261;1107;950;1227;1070;890;1151;1091;984;1044;1020;940;902;882;773;719;618;590;761;819;731;761;66;50;108;112;100;152;106;94;200;152;132;247;194;170;295;255;231;335;291;273;367;307;261;323;271;206;198;210;116;116
14;mol439.png;static/requests/request_776f592f96/processed/mol439.png;Repaired;Culex_pipiens s.l.-torrentium-pair;0.88;1388;right;Culex_pipiens s.l.-torrentium-pair;0.9436239071853909;Culex_pipiens s.l.-torrentium-pair;0.91;854;1850;1895;1913;1886;1823;1723;1580;1396;1023;1214;1220;1259;1265;1232;1377;1459;130;72;124;181;230;281;342;399;463;290;266;230;227;190;160;136;266;1184;1517;978;1105;1880;1910;1723;1550;1907;1735;1556;1862;1680;1474;1777;1701;1580;1653;1635;1544;1493;1459;1335;1274;1147;1117;1326;1393;1281;1329;93;45;154;154;90;151;102;96;208;157;148;263;208;199;317;269;260;381;327;314;436;357;314;399;351;266;239;254;148;145
15;mol1879.png;static/requests/request_776f592f96/processed/mol1879.png;Full Skeleton;Culex_pipiens s.l.-torrentium-pair;0.84;1442;right;Culex_pipiens s.l.-torrentium-pair;0.9997152331625722;Culex_pipiens s.l.-torrentium-pair;0.92;707;1726;1777;1797;1780;1718;1613;1452;1248;883;1055;1061;1118;1123;1092;1211;1296;125;94;145;199;247;292;346;397;454;275;250;222;219;188;148;128;261;1047;1386;832;962;1757;1794;1587;1398;1797;1602;1406;1754;1562;1344;1667;1579;1437;1534;1508;1398;1350;1321;1188;1129;1007;968;1177;1236;1132;1171;89;46;151;148;111;171;108;97;225;165;148;278;213;196;326;275;261;380;329;309;426;352;309;397;335;253;233;244;140;134
16;mol1880.png;static/requests/request_776f592f96/processed/mol1880.png;Full Skeleton;Culex_pipiens s.l.-torrentium-pair;0.99;1491;right;Culex_pipiens s.l.-torrentium-pair;0.9929505291616657;Culex_pipiens s.l.-torrentium-pair;0.99;701;1776;1819;1837;1822;1747;1643;1486;1280;878;1083;1086;1144;1147;1121;1249;1336;107;75;124;185;231;286;341;391;446;260;246;214;208;173;144;121;255;1057;1417;837;979;1805;1831;1628;1437;1834;1643;1446;1791;1599;1373;1698;1614;1475;1567;1538;1434;1385;1353;1217;1147;1014;976;1208;1272;1162;1205;78;40;133;133;92;153;98;86;208;153;142;269;202;188;321;269;252;376;324;304;423;347;301;388;324;240;223;240;136;127
17;mol4.png;static/requests/request_776f592f96/processed/mol4.png;Repaired;Aedes_vexans;0.47;1544;right;Culex_pipiens s.l.-torrentium-pair;0.9903857321621513;Culex_pipiens s.l.-torrentium-pair;0.57;694;1749;1804;1821;1810;1738;1640;1455;1262;838;1026;1026;1052;1072;1063;1193;1308;113;90;139;188;234;286;341;404;459;281;266;223;226;180;148;134;263;1046;1397;815;939;1781;1821;1599;1395;1827;1614;1403;1781;1565;1320;1691;1596;1452;1550;1530;1415;1360;1317;1173;1121;980;928;1135;1222;1106;1150;82;47;139;142;105;162;113;99;211;162;148;269;214;200;318;269;260;384;332;315;433;355;309;404;338;260;232;249;142;136
18;mol2609.png;static/requests/request_776f592f96/processed/mol2609.png;Full Skeleton;Culex_pipiens s.l.-torrentium-pair;0.98;1495;right;Culex_pipiens s.l.-torrentium-pair;0.9999886645132252;Culex_pipiens s.l.-torrentium-pair;0.99;737;1794;1841;1862;1850;1791;1683;1518;1310;907;1098;1104;1154;1157;1142;1277;1363;102;82;132;185;235;279;334;384;431;255;237;205;202;173;138;114;246;1089;1442;866;1004;1824;1859;1653;1465;1862;1665;1468;1824;1621;1389;1741;1650;1506;1603;1574;1465;1415;1380;1239;1177;1039;1001;1222;1292;1186;1230;76;41;123;126;99;158;102;88;211;155;138;264;202;185;317;261;249;370;317;299;408;337;293;370;320;235;217;232;123;120
19;mol296.png;static/requests/request_776f592f96/processed/mol296.png;Full Skeleton;Culex_pipiens s.l.-torrentium-pair;0.91;1421;right;Culex_pipiens s.l.-torrentium-pair;0.999981641584173;Culex_pipiens s.l.-torrentium-pair;0.96;706;1691;1747;1764;1744;1691;1566;1441;1254;837;1032;1035;1088;1088;1060;1213;1293;97;86;139;194;239;272;331;378;425;247;230;200;197;166;130;116;242;1035;1363;820;940;1725;1761;1569;1391;1761;1580;1396;1719;1527;1307;1633;1561;1427;1505;1474;1380;1349;1310;1171;1115;976;934;1154;1224;1110;1160;69;44;119;122;105;164;108;91;217;161;139;261;203;183;311;261;244;367;311;292;400;336;283;364;306;225;211;225;122;119
20;mol1887.png;static/requests/request_776f592f96/processed/mol1887.png;Full Skeleton;Culex_pipiens s.l.-torrentium-pair;0.94;1361;right;Culex_pipiens s.l.-torrentium-pair;0.9835554188563423;Culex_pipiens s.l.-torrentium-pair;0.96;705;1683;1727;1740;1721;1661;1559;1416;1227;859;1048;1059;1111;1120;1087;1219;1293;105;80;127;182;221;267;325;380;429;259;245;207;201;171;138;122;242;1029;1356;829;958;1710;1740;1556;1383;1738;1567;1394;1696;1521;1320;1614;1540;1416;1490;1468;1375;1323;1295;1172;1106;982;950;1172;1232;1131;1175;78;39;130;133;97;155;100;86;204;155;135;251;199;182;300;259;245;358;311;295;410;333;292;377;319;237;221;232;130;124
21;mol1612.png;static/requests/request_776f592f96/processed/mol1612.png;Full Skeleton;Culex_modestus;0.89;1297;right;Culex_pipiens s.l.-torrentium-pair;0.9983163884356479;Culex_pipiens s.l.-torrentium-pair;0.92;597;1500;1553;1572;1557;1500;1409;1262;1081;744;903;910;955;957;945;1059;1121;107;65;112;164;207;254;306;353;403;244;229;194;192;160;130;112;224;895;1198;712;828;1533;1567;1386;1220;1572;1401;1230;1535;1359;1158;1458;1374;1247;1337;1309;1210;1173;1143;1024;972;858;821;1009;1064;982;1019;73;35;125;125;83;137;90;83;187;140;127;239;184;169;286;239;227;336;286;271;380;313;274;351;296;224;199;212;120;115
22;mol428.png;static/requests/request_776f592f96/processed/mol428.png;Full Skeleton;Culex_pipiens s.l.-torrentium-pair;0.99;1349;right;Culex_pipiens s.l.-torrentium-pair;0.9999959505418221;Culex_pipiens s.l.-torrentium-pair;1.0;635;1604;1651;1665;1651;1586;1494;1349;1187;816;977;982;1029;1032;1019;1124;1205;115;84;133;181;217;265;317;375;430;262;244;212;210;173;144;123;241;958;1281;761;890;1633;1662;1476;1297;1662;1486;1305;1625;1447;1239;1544;1460;1334;1426;1397;1297;1271;1226;1103;1066;940;895;1087;1145;1053;1087;84;42;136;136;102;157;105;89;199;154;139;249;199;183;299;252;241;354;304;291;407;330;291;372;325;244;220;231;136;128
23;mol351.png;static/requests/request_776f592f96/processed/mol351.png;Repaired;Culex_pipiens s.l.-torrentium-pair;0.37;1347;right;Culex_pipiens s.l.-torrentium-pair;0.9977255461640494;Culex_pipiens s.l.-torrentium-pair;0.69;639;1600;1647;1658;1642;1576;1469;1330;1139;788;987;987;1021;1021;1005;1144;1210;96;75;123;178;222;267;319;371;419;248;240;201;196;162;130;112;238;958;1278;759;882;1629;1658;1479;1309;1655;1487;1317;1613;1435;1228;1527;1456;1333;1401;1383;1293;1236;1220;1105;1024;903;885;1084;1147;1050;1097;70;39;123;123;94;149;99;89;199;149;133;251;191;175;301;251;235;353;301;282;395;327;285;361;303;233;209;222;123;117
24;mol1110.png;static/requests/request_776f592f96/processed/mol1110.png;Repaired;Culex_pipiens s.l.-torrentium-pair;1.0;1631;right;Culex_pipiens s.l.-torrentium-pair;0.9397297740293875;Culex_pipiens s.l.-torrentium-pair;0.97;852;1986;2048;2071;2055;1990;1875;1682;1447;1016;1228;1235;1303;1303;1274;1441;1542;116;76;132;187;240;299;354;410;472;279;259;223;220;184;145;129;266;1228;1607;990;1130;2022;2068;1846;1643;2068;1862;1653;2029;1807;1555;1934;1843;1692;1780;1767;1653;1568;1535;1382;1310;1163;1120;1382;1460;1329;1385;83;40;142;142;96;158;102;93;214;161;145;279;214;200;338;279;263;397;338;321;442;357;315;403;341;256;236;249;138;132
25;mol12.png;static/requests/request_776f592f96/processed/mol12.png;Repaired;Culex_pipiens s.l.-torrentium-pair;0.06;1288;right;Culex_pipiens s.l.-torrentium-pair;0.97847651945137;Culex_pipiens s.l.-torrentium-pair;0.52;466;1365;1408;1426;1417;1360;1265;1119;955;582;771;782;823;828;801;935;999;97;81;120;163;209;257;311;359;405;243;241;204;204;172;141;125;236;764;1065;575;687;1392;1424;1251;1092;1429;1263;1099;1395;1222;1026;1315;1240;1119;1194;1171;1078;1037;1008;889;830;700;675;880;939;844;889;81;50;131;131;95;141;104;97;186;152;141;236;193;182;289;248;234;343;293;277;384;320;279;345;298;234;216;225;131;127
26;mol347.png;static/requests/request_776f592f96/processed/mol347.png;Repaired;Culex_modestus;0.78;1387;right;Culex_pipiens s.l.-torrentium-pair;0.9999877587361672;Culex_pipiens s.l.-torrentium-pair;0.79;619;1607;1655;1665;1647;1591;1478;1346;1167;774;953;956;1011;1014;998;1101;1222;114;85;133;185;230;270;320;364;417;251;233;198;193;167;135;125;238;948;1278;745;872;1636;1665;1470;1286;1665;1478;1291;1623;1436;1225;1536;1470;1346;1415;1394;1304;1259;1217;1085;1038;906;861;1080;1151;1033;1067;72;40;130;130;101;159;98;85;212;148;133;256;193;180;299;251;235;349;301;285;393;322;280;367;304;233;209;225;127;125
27;mol1022.png;static/requests/request_776f592f96/processed/mol1022.png;Full Skeleton;Culex_pipiens s.l.-torrentium-pair;0.94;1465;right;Culex_pipiens s.l.-torrentium-pair;0.9999721990931092;Culex_pipiens s.l.-torrentium-pair;0.97;724;1741;1795;1809;1795;1735;1618;1467;1267;873;1058;1064;1121;1124;1076;1213;1327;149;104;158;212;255;301;363;426;483;312;292;255;249;212;175;155;286;1061;1401;836;956;1775;1809;1601;1407;1809;1609;1410;1769;1572;1350;1681;1601;1464;1547;1518;1418;1367;1335;1198;1138;1004;964;1190;1258;1121;1167;112;69;172;172;124;184;129;118;235;184;169;286;232;221;341;292;281;406;346;338;455;381;338;432;369;289;264;275;166;161
28;mol3.png;static/requests/request_776f592f96/processed/mol3.png;Repaired;Aedes_scapularis;0.72;1517;right;Culex_pipiens s.l.-torrentium-pair;0.9326918033602022;Culex_pipiens s.l.-torrentium-pair;0.58;714;1807;1857;1866;1848;1786;1683;1512;1311;897;1098;1110;1166;1169;1154;1311;1379;118;109;168;227;268;315;372;437;496;310;292;242;242;200;171;147;289;1077;1441;859;1007;1842;1869;1674;1491;1863;1680;1494;1825;1624;1396;1742;1650;1514;1600;1579;1473;1414;1376;1237;1175;1039;998;1237;1308;1204;1258;94;64;153;156;132;197;138;121;251;189;171;307;239;218;348;298;283;413;357;339;466;386;339;437;372;286;256;274;156;153
29;mol2622.png;static/requests/request_776f592f96/processed/mol2622.png;Repaired;Culex_pipiens s.l.-torrentium-pair;0.75;1417;right;Culex_pipiens s.l.-torrentium-pair;0.9970139209324912;Culex_pipiens s.l.-torrentium-pair;0.87;658;1669;1716;1730;1724;1667;1582;1431;1233;817;1028;1036;1077;1083;1063;1206;1305;131;85;139;186;230;282;337;392;444;268;255;222;219;189;153;134;260;992;1329;789;926;1702;1727;1546;1376;1733;1557;1382;1702;1510;1297;1628;1546;1425;1508;1488;1395;1332;1299;1162;1096;956;918;1151;1228;1110;1157;98;54;153;150;106;161;115;106;208;161;150;265;208;197;315;268;257;370;323;307;419;345;304;383;326;246;233;249;145;142
30;mol2.png;static/requests/request_776f592f96/processed/mol2.png;Repaired;Aedes_scapularis;0.89;1694;right;Culex_pipiens s.l.-torrentium-pair;0.9996787216082532;Culex_pipiens s.l.-torrentium-pair;0.52;697;1887;1937;1952;1937;1865;1738;1555;1332;858;1094;1109;1156;1162;1146;1283;1376;128;134;190;255;308;361;426;488;556;342;323;274;277;227;175;165;323;1094;1490;843;994;1918;1949;1717;1497;1952;1729;1506;1906;1679;1422;1807;1704;1540;1652;1617;1490;1447;1404;1249;1177;1019;973;1227;1301;1190;1236;106;72;175;178;156;221;153;134;283;215;190;345;271;249;401;342;323;469;410;388;525;438;388;485;410;320;289;305;175;172
31;mol2619.png;static/requests/request_776f592f96/processed/mol2619.png;Full Skeleton;Culex_pipiens s.l.-torrentium-pair;0.91;1230;right;Culex_pipiens s.l.-torrentium-pair;0.9343623616126865;Culex_pipiens s.l.-torrentium-pair;0.92;726;1564;1621;1639;1629;1577;1486;1349;1180;848;1006;1014;1053;1053;1037;1167;1232;172;86;131;177;219;273;323;377;429;297;268;242;237;203;182;151;260;1004;1284;825;931;1598;1634;1471;1318;1639;1484;1325;1608;1437;1245;1536;1466;1349;1419;1401;1315;1266;1237;1120;1071;960;926;1113;1172;1079;1123;123;76;185;177;99;151;118;118;201;162;162;253;206;203;304;260;253;359;310;299;406;341;310;382;343;271;242;253;167;156
32;mol346.png;static/requests/request_776f592f96/processed/mol346.png;Full Skeleton;Culex_pipiens s.l.-torrentium-pair;0.99;1478;right;Culex_modestus;0.899411488534537;Culex_pipiens s.l.-torrentium-pair;0.51;1147;2153;2202;2230;2216;2156;2051;1885;1653;1263;1449;1477;1541;1544;1520;1674;1755;102;91;144;204;256;306;358;415;460;256;249;207;211;179;144;126;267;1481;1815;1266;1393;2185;2227;2026;1850;2234;2047;1861;2195;1995;1769;2107;2023;1889;1970;1949;1847;1773;1745;1597;1523;1386;1354;1611;1681;1569;1622;77;45;126;130;109;172;116;98;232;175;151;292;221;197;337;285;263;397;341;320;439;358;306;387;323;235;228;249;133;130
33;mol1107.png;static/requests/request_776f592f96/processed/mol1107.png;Repaired;Culex_pipiens s.l.-torrentium-pair;0.97;1437;right;Culex_pipiens s.l.-torrentium-pair;0.9997733684133813;Culex_pipiens s.l.-torrentium-pair;0.98;728;1741;1789;1803;1792;1727;1621;1476;1268;873;1081;1089;1123;1123;1106;1240;1331;108;76;128;173;219;270;324;378;435;258;241;210;204;176;139;119;241;1064;1402;850;978;1772;1798;1604;1419;1803;1616;1428;1766;1570;1348;1675;1596;1465;1553;1522;1422;1374;1345;1214;1138;1007;973;1192;1260;1149;1195;73;36;128;130;93;150;96;85;196;147;133;250;196;184;304;253;244;364;310;295;409;338;295;378;318;236;219;233;130;122
34;mol350.png;static/requests/request_776f592f96/processed/mol350.png;Full Skeleton;Culex_pipiens s.l.-torrentium-pair;0.87;1395;right;Culex_pipiens s.l.-torrentium-pair;0.9975517539191154;Culex_pipiens s.l.-torrentium-pair;0.93;1096;2077;2121;2135;2118;2051;1950;1808;1590;1240;1408;1418;1469;1469;1455;1597;1671;97;84;134;184;221;272;322;369;413;242;232;188;195;164;134;117;242;1418;1748;1213;1334;2108;2135;1946;1771;2131;1956;1778;2091;1903;1687;2003;1926;1798;1882;1856;1761;1701;1681;1546;1472;1348;1324;1536;1603;1502;1550;70;43;117;124;104;158;100;90;205;154;137;258;198;181;305;255;238;353;302;289;396;322;275;353;302;225;208;225;124;117
35;mol1605.png;static/requests/request_776f592f96/processed/mol1605.png;Repaired;Culex_pipiens s.l.-torrentium-pair;0.99;1449;right;Culex_pipiens s.l.-torrentium-pair;0.999910558979862;Culex_pipiens s.l.-torrentium-pair;1.0;690;1697;1747;1759;1745;1689;1596;1431;1241;811;1020;1023;1073;1073;1057;1191;1306;125;86;137;184;226;268;324;377;430;260;240;215;206;184;148;128;251;1026;1361;808;931;1728;1756;1563;1375;1756;1571;1381;1722;1521;1297;1647;1563;1434;1515;1499;1401;1336;1297;1157;1099;953;914;1149;1227;1101;1146;89;47;145;142;103;159;109;95;206;156;148;254;201;190;304;257;246;360;310;302;405;335;293;371;318;237;226;243;139;131
36;mol2615.png;static/requests/request_776f592f96/processed/mol2615.png;Full Skeleton;Culex_pipiens s.l.-torrentium-pair;0.98;1188;right;Culex_modestus;0.956420287909859;Culex_pipiens s.l.-torrentium-pair;0.49;589;1443;1489;1513;1498;1450;1350;1208;1055;738;923;923;973;975;949;1064;1129;94;51;92;142;190;236;284;332;380;229;214;185;185;152;123;109;217;872;1158;709;829;1469;1508;1347;1203;1513;1364;1215;1481;1326;1150;1402;1345;1237;1282;1273;1196;1134;1117;1019;951;841;829;1023;1076;987;1026;68;37;113;113;65;116;85;80;166;130;121;219;173;166;264;226;217;317;274;260;358;293;255;327;284;212;195;207;116;111
37;mol1890.png;static/requests/request_776f592f96/processed/mol1890.png;Repaired;Culex_pipiens s.l.-torrentium-pair;0.78;1526;right;Culex_pipiens s.l.-torrentium-pair;0.9999525678761944;Culex_pipiens s.l.-torrentium-pair;0.89;726;1827;1872;1878;1860;1789;1682;1510;1314;910;1100;1109;1165;1171;1145;1284;1370;105;84;140;200;253;298;348;407;467;274;265;223;221;179;143;120;262;1091;1459;863;1002;1860;1880;1676;1480;1878;1679;1480;1827;1631;1403;1738;1649;1510;1596;1575;1468;1412;1379;1240;1180;1041;1005;1234;1302;1189;1237;78;40;132;134;108;170;102;87;226;158;140;283;212;191;330;277;259;390;327;315;440;360;315;407;351;259;232;247;132;126
38;mol1613.png;static/requests/request_776f592f96/processed/mol1613.png;Full Skeleton;Culex_pipiens s.l.-torrentium-pair;0.98;1407;right;Culex_pipiens s.l.-torrentium-pair;0.9622696066809934;Culex_pipiens s.l.-torrentium-pair;0.97;703;1676;1723;1742;1728;1668;1555;1401;1217;824;1014;1016;1074;1077;1063;1201;1283;100;81;127;180;224;270;328;377;438;243;229;204;202;166;136;114;246;1027;1352;819;940;1706;1739;1550;1377;1742;1561;1379;1704;1511;1294;1613;1541;1412;1481;1465;1371;1311;1275;1143;1093;959;918;1143;1212;1107;1154;78;42;122;125;94;152;103;89;202;155;138;254;199;182;306;259;243;366;309;295;408;328;284;366;303;226;218;229;125;119
39;mol10.png;static/requests/request_776f592f96/processed/mol10.png;Repaired;Aedes_scapularis;0.97;1599;right;Culex_pipiens s.l.-torrentium-pair;0.9994545312466029;Culex_pipiens s.l.-torrentium-pair;0.73;756;1874;1936;1958;1946;1890;1754;1606;1399;939;1149;1155;1223;1223;1189;1334;1427;261;128;183;236;285;341;424;511;588;433;393;350;341;298;264;227;369;1127;1501;898;1044;1912;1955;1735;1535;1958;1751;1541;1927;1705;1464;1825;1735;1581;1686;1643;1532;1504;1457;1303;1251;1096;1040;1291;1359;1235;1284;196;122;282;273;149;208;165;177;261;227;227;319;282;288;393;350;347;474;418;409;551;471;430;535;483;400;347;356;248;239
40;mol312.png;static/requests/request_776f592f96/processed/mol312.png;Full Skeleton;Culex_pipiens s.l.-torrentium-pair;0.66;1234;right;Culex_pipiens s.l.-torrentium-pair;0.6789622792687274;Culex_pipiens s.l.-torrentium-pair;0.67;608;1487;1536;1546;1529;1468;1377;1257;1079;757;918;928;967;969;957;1091;1143;92;78;127;178;222;268;312;356;403;234;224;190;188;158;124;109;229;898;1192;720;837;1516;1548;1387;1238;1543;1394;1243;1502;1343;1157;1424;1360;1253;1321;1299;1218;1170;1148;1033;977;864;835;1025;1084;1001;1045;68;41;117;119;95;151;105;90;202;153;131;251;192;173;298;249;232;341;293;276;385;312;271;341;293;217;202;217;117;112
41;mol1885.png;static/requests/request_776f592f96/processed/mol1885.png;Full Skeleton;Culex_pipiens s.l.-torrentium-pair;0.9;1432;right;Culex_pipiens s.l.-torrentium-pair;0.7033411635409411;Culex_pipiens s.l.-torrentium-pair;0.8;705;1710;1757;1774;1760;1687;1573;1413;1225;842;1044;1055;1111;1114;1086;1206;1290;121;88;141;200;242;298;365;426;480;289;275;233;230;194;155;135;272;1038;1374;828;957;1740;1771;1573;1388;1774;1587;1396;1729;1545;1329;1634;1556;1424;1497;1475;1377;1321;1295;1169;1097;971;940;1169;1228;1125;1164;88;51;146;149;107;169;110;99;222;166;152;281;222;205;340;289;272;407;345;328;454;373;328;415;351;267;244;261;144;138
42;mol294.png;static/requests/request_776f592f96/processed/mol294.png;Repaired;Culex_modestus;0.45;1242;right;Culex_pipiens s.l.-torrentium-pair;0.9959117141996205;Culex_pipiens s.l.-torrentium-pair;0.58;553;1444;1477;1489;1470;1418;1326;1200;1030;676;858;867;912;914;898;1030;1080;95;91;138;190;228;268;308;348;391;221;221;180;183;154;124;112;223;848;1146;666;782;1468;1489;1328;1179;1487;1335;1182;1449;1286;1101;1373;1307;1193;1267;1241;1156;1118;1087;974;912;794;765;966;1023;940;985;72;41;114;114;109;164;105;88;211;152;133;256;190;171;294;247;228;336;289;268;372;303;263;329;275;209;199;209;117;114
43;mol2620.png;static/requests/request_776f592f96/processed/mol2620.png;Full Skeleton;Culex_pipiens s.l.-torrentium-pair;0.91;1173;right;Culex_modestus;0.7061482094139806;Culex_modestus;0.76;532;1386;1423;1442;1421;1377;1287;1166;1002;675;842;851;912;914;895;1013;1074;82;68;109;158;202;237;281;320;362;202;197;170;167;146;114;103;207;817;1101;650;773;1412;1439;1287;1150;1439;1298;1155;1405;1252;1083;1335;1277;1175;1229;1215;1141;1085;1060;951;895;784;756;965;1018;935;974;63;38;103;107;84;133;93;82;184;135;119;225;172;158;265;225;209;309;265;248;346;281;239;304;260;190;181;200;107;105
44;mol1.png;static/requests/request_776f592f96/processed/mol1.png;Repaired;Culex_pipiens s.l.-torrentium-pair;0.07;1647;right;Culex_pipiens s.l.-torrentium-pair;0.9999412593402515;Culex_pipiens s.l.-torrentium-pair;0.53;746;1910;1969;1988;1972;1897;1781;1615;1389;919;1163;1176;1217;1220;1191;1351;1430;123;89;152;214;265;321;384;450;515;330;312;258;255;205;164;148;296;1132;1521;890;1041;1947;1985;1762;1555;1985;1778;1565;1941;1722;1471;1841;1743;1587;1700;1662;1543;1505;1464;1314;1232;1075;1041;1286;1358;1245;1298;92;54;167;164;114;183;120;111;239;180;167;299;236;221;362;305;293;428;368;349;487;409;359;462;393;302;268;283;158;155
45;mol349.png;static/requests/request_776f592f96/processed/mol349.png;Repaired;Culex_pipiens s.l.-torrentium-pair;0.67;1235;right;Culex_pipiens s.l.-torrentium-pair;0.6697777491772491;Culex_pipiens s.l.-torrentium-pair;0.67;637;1520;1559;1567;1549;1490;1393;1264;1078;763;934;939;994;996;981;1091;1165;90;70;117;167;204;244;293;336;383;231;212;182;177;152;120;102;219;929;1225;746;862;1547;1569;1403;1247;1564;1408;1249;1525;1366;1182;1445;1383;1274;1331;1316;1239;1172;1158;1046;974;870;848;1051;1108;1016;1053;65;35;112;115;88;142;90;80;189;137;120;229;174;162;274;231;216;323;276;261;363;296;256;328;278;212;194;207;112;107
46;mol332.png;static/requests/request_776f592f96/processed/mol332.png;Full Skeleton;Culex_pipiens s.l.-torrentium-pair;0.85;1339;right;Culex_pipiens s.l.-torrentium-pair;0.9997829641304503;Culex_pipiens s.l.-torrentium-pair;0.92;762;1716;1764;1778;1758;1685;1593;1447;1276;917;1091;1099;1144;1147;1133;1236;1321;244;185;229;277;322;373;429;490;549;389;370;333;330;300;272;246;361;1079;1396;880;1006;1744;1772;1587;1410;1775;1598;1419;1727;1556;1351;1643;1567;1444;1522;1503;1407;1363;1332;1211;1161;1037;1004;1203;1262;1166;1200;210;159;263;263;199;252;207;207;302;260;252;353;305;305;406;364;356;471;420;406;527;451;412;496;451;370;342;353;255;249
47;mol333.png;static/requests/request_776f592f96/processed/mol333.png;Full Skeleton;Culex_pipiens s.l.-torrentium-pair;0.92;1332;right;Culex_pipiens s.l.-torrentium-pair;0.9984073300100675;Culex_pipiens s.l.-torrentium-pair;0.96;685;1591;1643;1662;1648;1591;1496;1352;1171;779;974;979;1031;1037;1018;1150;1220;106;77;127;171;216;263;316;363;418;245;234;200;195;169;135;116;237;984;1286;792;905;1622;1659;1478;1310;1659;1491;1320;1625;1446;1241;1546;1467;1344;1425;1404;1310;1262;1231;1102;1042;908;876;1094;1157;1060;1105;77;40;127;129;93;148;101;87;195;150;132;248;192;174;295;245;237;347;298;284;389;319;279;358;305;229;211;227;124;119
48;mol2617.png;static/requests/request_776f592f96/processed/mol2617.png;Full Skeleton;Culex_pipiens s.l.-torrentium-pair;0.92;1333;right;Culex_pipiens s.l.-torrentium-pair;0.9987191279468168;Culex_pipiens s.l.-torrentium-pair;0.96;625;1578;1630;1645;1632;1572;1473;1335;1171;773;976;981;1031;1033;1015;1143;1208;111;75;122;171;216;263;315;364;419;255;244;208;203;171;140;117;236;940;1257;752;882;1609;1645;1468;1304;1643;1479;1312;1606;1434;1234;1526;1453;1330;1406;1382;1291;1255;1216;1096;1039;906;872;1088;1148;1057;1098;83;46;138;135;91;145;101;93;195;148;135;244;192;177;294;247;234;346;296;283;395;320;283;367;312;234;216;226;127;122
49;mol11.png;static/requests/request_776f592f96/processed/mol11.png;Full Skeleton;Culex_pipiens s.l.-torrentium-pair;0.4;1608;right;Culex_pipiens s.l.-torrentium-pair;0.9961514981850971;Culex_pipiens s.l.-torrentium-pair;0.7;635;1788;1838;1859;1835;1767;1664;1492;1273;818;1043;1055;1108;1120;1084;1247;1347;135;118;177;236;292;342;396;452;514;322;313;260;263;221;177;162;313;1013;1401;783;934;1823;1856;1640;1442;1859;1655;1451;1809;1599;1359;1720;1628;1489;1581;1554;1445;1386;1344;1194;1123;969;931;1188;1268;1138;1191;106;70;165;168;138;206;144;133;266;203;183;328;257;242;378;319;310;434;381;366;484;407;360;455;390;301;280;298;171;165
50;mol7.png;static/requests/request_776f592f96/processed/mol7.png;Repaired;Culex_pipiens s.l.-torrentium-pair;0.03;1418;right;Culex_pipiens s.l.-torrentium-pair;0.9996916431412698;Culex_pipiens s.l.-torrentium-pair;0.52;570;1577;1632;1650;1639;1572;1475;1316;1121;740;935;943;982;988;972;1097;1175;109;88;140;192;234;278;336;391;445;278;260;221;219;179;146;130;260;904;1241;701;836;1611;1647;1454;1274;1650;1467;1282;1611;1423;1207;1530;1441;1308;1400;1376;1274;1220;1194;1066;995;868;836;1045;1110;1014;1055;80;49;140;138;106;164;114;101;213;164;146;265;208;192;318;268;250;372;320;305;417;349;307;391;333;255;232;245;135;132
51;mol1773.png;static/requests/request_776f592f96/processed/mol1773.png;Repaired;Aedes_vexans;0.2;1272;right;Culex_pipiens s.l.-torrentium-pair;0.81240426148203;Culex_pipiens s.l.-torrentium-pair;0.47;550;1445;1493;1507;1503;1428;1349;1202;1048;678;853;865;921;923;897;1024;1103;87;99;147;193;232;280;328;369;407;256;246;212;208;183;147;138;246;846;1144;666;781;1476;1507;1337;1180;1507;1346;1185;1471;1310;1118;1392;1320;1212;1279;1264;1178;1127;1089;971;925;800;764;981;1041;937;981;63;66;140;143;116;169;128;114;212;169;155;263;210;195;311;263;248;359;311;292;390;323;280;354;304;244;224;236;143;135
52;mol334.png;static/requests/request_776f592f96/processed/mol334.png;Full Skeleton;Culex_pipiens s.l.-torrentium-pair;0.99;1391;right;Culex_pipiens s.l.-torrentium-pair;0.9987652242613705;Culex_pipiens s.l.-torrentium-pair;0.99;749;1723;1774;1794;1779;1726;1610;1474;1273;888;1072;1095;1148;1151;1131;1242;1324;116;76;124;181;223;265;325;382;432;260;246;206;206;175;144;124;249;1072;1397;871;1001;1754;1785;1595;1417;1794;1610;1426;1760;1570;1361;1672;1593;1460;1545;1513;1417;1375;1344;1208;1146;1015;979;1205;1264;1168;1205;87;42;138;138;90;149;99;90;203;152;141;251;200;183;305;254;243;365;308;294;418;333;291;373;316;237;220;234;132;132
53;mol343.png;static/requests/request_776f592f96/processed/mol343.png;Full Skeleton;Culex_pipiens s.l.-torrentium-pair;0.66;1550;right;Culex_pipiens s.l.-torrentium-pair;0.9023101640044932;Culex_pipiens s.l.-torrentium-pair;0.78;756;1860;1908;1924;1899;1826;1726;1547;1331;905;1139;1148;1209;1215;1179;1313;1416;124;91;148;206;258;310;367;434;498;300;291;243;237;206;164;148;285;1124;1492;893;1036;1893;1924;1708;1507;1921;1720;1516;1869;1671;1443;1781;1693;1556;1638;1620;1513;1440;1416;1279;1194;1048;1021;1276;1346;1221;1267;94;51;158;161;112;176;115;109;237;173;164;294;227;215;343;291;282;416;352;340;468;382;340;425;361;282;258;270;155;155
54;mol2610.png;static/requests/request_776f592f96/processed/mol2610.png;Full Skeleton;Culex_pipiens s.l.-torrentium-pair;0.99;1501;right;Culex_pipiens s.l.-torrentium-pair;0.9966274028958209;Culex_pipiens s.l.-torrentium-pair;0.99;677;1720;1776;1787;1768;1703;1601;1429;1200;804;1030;1036;1070;1070;1053;1211;1285;121;87;155;209;254;296;350;406;457;276;268;225;220;186;149;132;268;1022;1369;799;926;1756;1787;1590;1400;1782;1595;1403;1742;1536;1304;1655;1564;1426;1516;1494;1386;1316;1302;1166;1070;937;917;1141;1211;1104;1158;90;48;144;141;112;180;112;101;234;169;155;282;217;206;330;279;265;384;336;319;432;361;316;398;336;257;237;254;144;138
55;mol1246.png;static/requests/request_776f592f96/processed/mol1246.png;Repaired;Culex_pipiens s.l.-torrentium-pair;0.66;1233;right;Culex_pipiens s.l.-torrentium-pair;0.8752145186648661;Culex_pipiens s.l.-torrentium-pair;0.77;556;1457;1491;1513;1505;1450;1340;1225;1067;721;899;913;937;944;925;1038;1136;117;81;119;172;208;256;304;350;398;261;249;213;215;170;146;131;244;853;1155;678;800;1481;1510;1340;1189;1515;1354;1196;1486;1318;1131;1400;1347;1242;1285;1273;1203;1146;1119;1009;951;836;808;1002;1069;961;999;91;52;141;141;95;143;107;100;189;153;141;239;196;187;290;246;239;333;292;280;378;316;287;357;309;242;223;232;139;134
56;mol338.png;static/requests/request_776f592f96/processed/mol338.png;Full Skeleton;Culex_pipiens s.l.-torrentium-pair;0.81;1309;right;Culex_pipiens s.l.-torrentium-pair;0.9990754881500482;Culex_pipiens s.l.-torrentium-pair;0.91;636;1533;1583;1599;1593;1528;1426;1294;1104;770;919;927;970;975;957;1076;1178;103;70;119;172;217;263;316;362;410;255;235;197;192;167;134;119;240;935;1234;737;846;1563;1596;1414;1244;1601;1426;1251;1563;1388;1183;1479;1411;1294;1363;1343;1256;1201;1170;1046;995;881;841;1038;1107;995;1036;76;40;129;129;88;144;96;88;195;146;131;248;190;177;299;248;238;347;299;283;392;321;281;359;311;235;212;228;126;121
57;mol339.png;static/requests/request_776f592f96/processed/mol339.png;Full Skeleton;Culex_pipiens s.l.-torrentium-pair;0.83;1217;right;Culex_pipiens s.l.-torrentium-pair;0.9870934457059228;Culex_pipiens s.l.-torrentium-pair;0.91;558;1419;1466;1482;1471;1417;1323;1215;1046;687;863;865;922;926;905;1013;1084;104;76;118;160;200;242;292;336;385;231;224;186;184;160;130;113;224;842;1130;671;788;1447;1480;1313;1161;1482;1328;1170;1447;1290;1109;1372;1306;1196;1271;1241;1159;1133;1100;983;926;809;774;973;1027;940;976;76;45;120;123;90;137;99;87;181;141;130;226;184;172;273;233;221;322;278;263;367;303;261;332;280;217;198;210;120;116
58;mol293.png;static/requests/request_776f592f96/processed/mol293.png;Full Skeleton;Culex_pipiens s.l.-torrentium-pair;0.95;1254;right;Culex_pipiens s.l.-torrentium-pair;0.9543950537407501;Culex_pipiens s.l.-torrentium-pair;0.95;627;1527;1570;1582;1567;1502;1402;1260;1087;775;937;945;995;997;975;1082;1160;92;72;120;170;207;247;290;335;385;237;222;185;182;155;125;112;220;927;1227;740;857;1555;1582;1405;1237;1582;1417;1250;1537;1377;1187;1455;1390;1275;1335;1320;1237;1175;1155;1045;985;877;855;1050;1105;1010;1045;70;35;112;115;90;145;87;77;190;135;120;235;177;162;275;230;217;320;275;260;360;297;262;335;292;220;195;210;115;112
59;mol1882.png;static/requests/request_776f592f96/processed/mol1882.png;Repaired;Culex_pipiens s.l.-torrentium-pair;0.99;1671;right;Culex_pipiens s.l.-torrentium-pair;0.9999995584889299;Culex_pipiens s.l.-torrentium-pair;0.99;889;2087;2124;2138;2114;2050;1912;1744;1528;1037;1289;1299;1367;1370;1333;1454;1552;116;109;163;220;267;311;375;432;496;274;271;227;223;190;146;133;267;1286;1687;1030;1182;2114;2138;1902;1677;2135;1912;1683;2087;1869;1619;1983;1885;1720;1831;1791;1670;1636;1596;1444;1367;1202;1161;1427;1488;1373;1414;79;42;139;139;133;190;116;95;247;176;153;301;230;207;355;298;274;419;351;335;469;378;328;425;351;254;234;250;139;136
60;mol2607.png;static/requests/request_776f592f96/processed/mol2607.png;Full Skeleton;Culex_pipiens s.l.-torrentium-pair;1.0;1431;right;Culex_pipiens s.l.-torrentium-pair;0.9998843613392728;Culex_pipiens s.l.-torrentium-pair;1.0;719;1703;1753;1773;1761;1697;1585;1436;1240;848;1030;1036;1089;1089;1078;1210;1274;98;81;131;182;229;277;333;386;434;257;240;204;204;170;142;123;240;1047;1375;834;955;1733;1770;1571;1389;1773;1585;1397;1733;1537;1313;1644;1557;1417;1512;1476;1366;1338;1305;1168;1112;980;938;1151;1212;1120;1165;72;47;126;128;100;154;112;95;204;162;142;263;204;184;308;266;246;369;316;296;411;341;294;378;319;238;218;232;131;123
61;mol1247.png;static/requests/request_776f592f96/processed/mol1247.png;Repaired;Culex_pipiens s.l.-torrentium-pair;0.91;1501;right;Culex_pipiens s.l.-torrentium-pair;0.9999965621208219;Culex_pipiens s.l.-torrentium-pair;0.95;589;1641;1693;1707;1688;1628;1535;1377;1159;741;940;949;1000;1006;987;1115;1197;92;92;141;190;237;280;338;398;452;267;261;220;218;177;141;128;261;938;1290;720;853;1674;1707;1500;1306;1707;1510;1311;1663;1461;1235;1587;1486;1341;1459;1420;1306;1268;1235;1088;1019;880;839;1066;1131;1028;1071;79;51;130;133;109;166;114;103;218;163;150;264;212;196;316;270;259;376;327;313;428;357;310;392;330;253;234;248;136;130
62;mol2611.png;static/requests/request_776f592f96/processed/mol2611.png;Repaired;Culex_pipiens s.l.-torrentium-pair;0.91;1272;right;Culex_pipiens s.l.-torrentium-pair;0.9969196076659587;Culex_pipiens s.l.-torrentium-pair;0.95;588;1490;1537;1549;1542;1493;1390;1250;1073;733;909;916;961;963;946;1064;1130;95;63;112;159;203;242;299;345;392;237;225;193;191;161;132;112;223;887;1189;703;823;1520;1549;1380;1223;1551;1387;1225;1522;1350;1157;1444;1372;1252;1326;1304;1216;1162;1140;1024;963;845;818;1017;1073;985;1024;76;44;120;122;83;134;98;85;181;142;132;230;183;171;284;237;225;328;284;269;370;304;267;338;291;220;205;218;122;115
63;mol342.png;static/requests/request_776f592f96/processed/mol342.png;Full Skeleton;Culex_pipiens s.l.-torrentium-pair;0.98;1238;right;Culex_vishnui-group;0.8188835726318463;Culex_pipiens s.l.-torrentium-pair;0.49;573;1434;1488;1507;1488;1417;1324;1208;1027;680;863;868;927;934;908;1053;1094;98;67;117;170;210;253;298;343;393;231;220;186;186;155;124;105;227;858;1146;682;794;1465;1503;1343;1196;1505;1358;1205;1457;1305;1120;1374;1312;1203;1267;1248;1167;1120;1096;979;915;799;770;982;1036;956;1003;70;36;115;120;84;143;96;79;191;143;127;239;184;167;281;236;224;329;284;267;372;305;265;336;281;212;198;212;112;108
64;mol1158.png;static/requests/request_776f592f96/processed/mol1158.png;Full Skeleton;Culex_pipiens s.l.-torrentium-pair;0.99;1319;right;Culex_pipiens s.l.-torrentium-pair;0.9999982460264394;Culex_pipiens s.l.-torrentium-pair;0.99;586;1529;1559;1572;1552;1495;1396;1267;1096;712;904;909;952;955;934;1052;1127;108;75;119;165;208;249;306;357;411;242;231;198;190;167;134;116;229;899;1214;699;817;1554;1572;1390;1219;1572;1401;1226;1531;1355;1155;1452;1372;1250;1334;1306;1214;1185;1147;1027;968;837;806;1009;1068;973;1011;78;39;126;129;93;142;96;85;190;144;129;239;185;170;285;239;229;341;290;275;388;316;277;354;308;224;206;219;126;121
65;mol1772.png;static/requests/request_776f592f96/processed/mol1772.png;Repaired;Aedes_scapularis;0.48;1603;right;Culex_pipiens s.l.-torrentium-pair;0.9977501955550363;Culex_pipiens s.l.-torrentium-pair;0.68;718;1865;1908;1932;1917;1849;1723;1557;1351;906;1124;1127;1182;1189;1164;1311;1410;124;102;158;219;278;327;388;450;517;321;305;253;256;210;167;152;296;1099;1480;863;1013;1895;1929;1708;1508;1935;1726;1517;1889;1674;1431;1791;1705;1557;1643;1616;1508;1456;1416;1272;1204;1056;1013;1256;1333;1213;1262;102;59;164;164;124;185;127;118;250;188;170;311;244;225;367;314;293;431;373;351;486;397;354;453;388;296;271;281;161;158
66;mol6.png;static/requests/request_776f592f96/processed/mol6.png;Repaired;Aedes_scapularis;0.38;1535;right;Culex_pipiens s.l.-torrentium-pair;0.9992309612042277;Culex_pipiens s.l.-torrentium-pair;0.51;708;1797;1848;1871;1862;1791;1700;1538;1334;885;1095;1101;1166;1169;1136;1290;1393;129;82;129;177;224;283;342;413;484;315;292;245;242;200;174;138;274;1071;1434;847;991;1830;1865;1662;1476;1871;1676;1481;1833;1632;1402;1750;1659;1526;1623;1594;1487;1440;1393;1245;1183;1036;988;1239;1316;1183;1236;100;56;159;162;100;150;112;109;200;162;156;262;212;206;321;274;265;386;333;324;454;371;333;433;371;295;253;265;150;144
